Id;26.5km;34.2km;40.7km;Cz. netto;Cz. brutto;min/km;km/h
1;01:54:23;02:26:19;02:57:48;03:13:48.150;03:13:48.150;04:20;13.8
2;01:58:25;02:29:21;02:59:48;03:14:32.950;03:14:32.950;04:21;13.8
3;01:59:04;02:32:52;03:07:47;03:24:10.150;03:24:10.150;04:34;13.1
4;01:59:32;02:35:59;03:12:32;03:30:31.700;03:30:31.700;04:43;12.7
5;01:59:55;02:36:57;03:14:59;03:33:12.850;03:33:12.850;04:46;12.6
6;02:04:05;02:40:54;03:17:08;03:34:20.650;03:34:20.650;04:48;12.5
7;02:04:29;02:40:39;03:18:10;03:35:06.250;03:35:06.250;04:49;12.4
8;02:05:14;02:41:22;03:20:21;03:38:09.650;03:38:09.650;04:53;12.3
9;02:09:27;02:46:43;03:25:54;03:43:20.000;03:43:20.000;05:00;12
10;02:00:47;02:41:02;03:24:34;03:43:39.700;03:43:39.700;05:00;12
11;02:06:23;02:44:47;03:24:43;03:44:08.900;03:44:08.900;05:01;11.9
12;02:07:51;02:45:30;03:26:49;03:44:47.500;03:44:47.500;05:02;11.9
13;01:59:09;02:41:24;03:25:33;03:45:24.650;03:45:24.650;05:03;11.9
14;02:05:16;02:44:58;03:25:59;03:45:55.450;03:45:55.450;05:03;11.8
15;02:14:11;02:52:02;03:29:28;03:46:35.000;03:46:35.000;05:04;11.8
16;02:16:40;02:54:06;03:32:17;03:48:33.150;03:48:33.150;05:07;11.7
17;02:09:07;02:51:30;03:32:33;03:48:35.750;03:48:35.750;05:07;11.7
18;02:12:55;02:54:10;03:32:41;03:49:07.850;03:49:07.850;05:08;11.7
19;02:13:41;02:53:43;03:32:10;03:51:04.750;03:51:04.750;05:10;11.6
21;02:09:07;02:48:19;03:32:52;03:52:02.050;03:52:02.050;05:12;11.5
22;02:14:38;02:55:05;03:35:05;03:52:47.000;03:52:47.000;05:13;11.5
23;02:12:08;02:51:53;03:33:43;03:52:47.050;03:52:47.050;05:13;11.5
24;02:14:14;02:54:47;03:35:14;03:53:50.350;03:53:50.350;05:14;11.4
25;02:12:50;02:53:19;03:35:03;03:55:06.150;03:55:06.150;05:16;11.4
26;02:12:46;02:54:13;03:36:19;03:56:01.050;03:56:01.050;05:17;11.3
27;02:13:11;02:53:43;03:37:55;03:56:49.800;03:56:49.800;05:18;11.3
28;02:16:56;02:58:05;03:39:08;03:58:46.500;03:58:46.500;05:21;11.2
29;02:14:53;02:57:28;03:40:25;04:00:39.550;04:00:39.550;05:23;11.1
30;02:16:25;02:56:31;03:41:04;04:01:08.150;04:01:08.150;05:24;11.1
31;02:14:18;02:57:57;03:41:47;04:01:23.000;04:01:23.000;05:24;11.1
32;02:15:06;03:00:22;03:42:48;04:01:37.150;04:01:37.150;05:25;11.1
33;02:20:15;03:01:36;03:44:03;04:02:16.250;04:02:16.250;05:25;11
34;02:16:57;03:00:49;03:44:16;04:02:37.850;04:02:37.850;05:26;11
35;02:16:25;02:56:28;03:41:05;04:02:42.550;04:02:42.550;05:26;11
36;02:09:58;02:51:55;03:41:04;04:03:46.050;04:03:46.050;05:27;11
37;02:19:05;03:01:07;03:44:03;04:04:22.750;04:04:22.750;05:28;11
38;02:19:47;03:02:34;03:45:38;04:04:23.650;04:04:23.650;05:28;11
39;02:18:04;03:01:13;03:45:30;04:04:46.450;04:04:46.450;05:29;10.9
40;02:13:44;03:00:14;03:44:23;04:05:27.350;04:05:27.350;05:30;10.9
41;02:19:25;03:02:58;03:47:51;04:07:31.200;04:07:31.200;05:32;10.8
42;02:21:27;03:07:36;03:50:36;04:09:39.600;04:09:39.600;05:35;10.7
43;02:17:09;03:01:53;03:48:57;04:09:53.050;04:09:53.050;05:36;10.7
44;02:23:37;03:06:50;03:52:08;04:10:50.050;04:10:50.050;05:37;10.7
45;02:16:55;03:03:03;03:48:47;04:10:58.650;04:10:58.650;05:37;10.7
46;02:21:35;03:07:52;03:52:18;04:11:05.100;04:11:05.100;05:37;10.7
47;02:18:50;03:04:20;03:50:43;04:11:27.400;04:11:27.400;05:38;10.6
48;02:22:28;03:07:24;03:51:58;04:12:01.000;04:12:01.000;05:39;10.6
49;02:27:42;03:14:09;03:54:52;04:12:21.300;04:12:21.300;05:39;10.6
50;02:24:49;03:09:00;03:53:11;04:12:45.100;04:12:45.100;05:40;10.6
51;02:19:00;03:04:48;03:51:55;04:13:21.950;04:13:21.950;05:40;10.6
52;02:15:38;03:03:48;03:51:55;04:13:22.050;04:13:22.050;05:40;10.6
53;02:23:16;03:07:22;03:53:15;04:13:39.600;04:13:39.600;05:41;10.5
54;02:24:02;03:10:30;03:54:45;04:14:20.700;04:14:20.700;05:42;10.5
55;02:22:28;03:12:04;03:56:09;04:14:24.450;04:14:24.450;05:42;10.5
56;02:19:55;03:08:36;03:54:23;04:14:52.000;04:14:52.000;05:42;10.5
57;02:18:13;03:07:25;03:54:18;04:15:47.850;04:15:47.850;05:44;10.5
58;02:19:18;03:05:42;03:54:15;04:16:15.300;04:16:15.300;05:44;10.4
59;02:11:05;03:01:11;03:54:04;04:17:44.700;04:17:44.700;05:46;10.4
60;02:24:22;03:09:11;03:56:54;04:18:06.300;04:18:06.300;05:47;10.4
61;02:22:50;03:11:16;03:57:19;04:18:18.650;04:18:18.650;05:47;10.4
62;02:27:42;03:14:09;03:57:14;04:18:23.200;04:18:23.200;05:47;10.4
63;02:23:19;03:10:46;03:56:17;04:18:38.100;04:18:38.100;05:47;10.3
64;02:22:11;03:08:09;03:55:16;04:18:43.500;04:18:43.500;05:48;10.3
65;02:22:21;03:08:09;03:55:20;04:18:45.350;04:18:45.350;05:48;10.3
66;02:25:21;03:11:29;03:57:09;04:18:51.800;04:18:51.800;05:48;10.3
67;02:23:17;03:11:43;03:58:09;04:18:59.750;04:18:59.750;05:48;10.3
68;02:20:43;03:08:47;03:55:36;04:19:14.200;04:19:14.200;05:48;10.3
69;02:20:46;03:08:37;03:55:56;04:19:14.800;04:19:14.800;05:48;10.3
70;02:22:48;03:11:51;03:57:30;04:19:17.750;04:19:17.750;05:48;10.3
71;02:26:32;03:12:52;03:59:05;04:19:22.900;04:19:22.900;05:48;10.3
72;02:25:51;03:12:42;03:58:46;04:19:56.000;04:19:56.000;05:49;10.3
73;02:17:21;03:08:27;03:58:52;04:20:51.850;04:20:51.850;05:50;10.3
74;02:25:51;03:11:47;03:58:42;04:21:11.950;04:21:11.950;05:51;10.2
75;02:19:26;03:08:43;03:58:53;04:21:13.550;04:21:13.550;05:51;10.2
76;02:30:21;03:14:57;04:00:13;04:21:13.850;04:21:13.850;05:51;10.2
77;02:20:52;03:11:04;03:58:58;04:21:17.250;04:21:17.250;05:51;10.2
78;02:23:30;03:11:53;04:00:19;04:21:24.450;04:21:24.450;05:51;10.2
79;02:23:24;03:12:41;04:00:55;04:21:54.800;04:21:54.800;05:52;10.2
80;02:28:58;03:16:58;04:03:04;04:22:34.150;04:22:34.150;05:53;10.2
81;02:23:22;03:12:11;04:01:33;04:23:06.600;04:23:06.600;05:53;10.2
82;02:29:48;03:18:25;04:03:10;04:23:10.550;04:23:10.550;05:54;10.2
83;02:24:01;03:12:52;;04:23:17.250;04:23:17.250;05:54;10.2
84;02:20:54;03:10:34;04:01:39;04:23:37.100;04:23:37.100;05:54;10.2
85;02:28:27;03:16:16;04:03:33;04:24:37.600;04:24:37.600;05:55;10.1
86;02:26:24;03:14:39;04:03:34;04:24:39.350;04:24:39.350;05:56;10.1
87;02:26:49;03:16:28;04:04:45;04:24:40.350;04:24:40.350;05:56;10.1
88;02:25:51;03:15:45;04:03:48;04:24:48.650;04:24:48.650;05:56;10.1
89;02:28:06;03:16:25;04:04:45;04:24:53.900;04:24:53.900;05:56;10.1
90;02:16:26;03:08:42;04:04:13;04:24:54.400;04:24:54.400;05:56;10.1
91;02:31:12;03:18:36;04:05:36;04:25:45.450;04:25:45.450;05:57;10.1
92;02:37:42;03:22:27;04:07:10;04:26:06.450;04:26:06.450;05:57;10.1
93;02:23:08;03:16:35;04:05:55;04:26:14.900;04:26:14.900;05:58;10.1
94;02:29:40;03:18:09;04:05:58;04:26:56.100;04:26:56.100;05:59;10
95;02:24:54;03:15:10;04:05:18;04:27:04.850;04:27:04.850;05:59;10
96;02:30:27;03:20:17;04:06:31;04:27:43.350;04:27:43.350;06:00;10
97;02:34:40;03:22:31;04:08:47;04:28:05.850;04:28:05.850;06:00;10
98;02:35:34;03:22:24;04:08:46;04:28:20.400;04:28:20.400;06:00;10
99;02:32:14;03:20:51;04:08:20;04:29:02.250;04:29:02.250;06:01;9.9
100;02:29:38;03:20:06;04:08:36;04:30:10.500;04:30:10.500;06:03;9.9
101;02:29:37;03:20:06;04:08:36;04:30:13.750;04:30:13.750;06:03;9.9
102;02:30:30;03:20:07;04:08:37;04:30:14.750;04:30:14.750;06:03;9.9
104;02:23:58;03:16:15;04:07:25;04:30:45.350;04:30:45.350;06:04;9.9
105;02:22:37;03:14:27;04:08:27;04:31:07.050;04:31:07.050;06:04;9.9
106;02:28:44;03:18:52;04:09:53;04:31:23.600;04:31:23.600;06:05;9.9
107;02:28:35;03:18:07;04:09:26;04:31:25.000;04:31:25.000;06:05;9.9
108;02:26:31;03:19:56;04:09:28;04:31:26.450;04:31:26.450;06:05;9.9
109;02:27:04;03:17:59;04:08:20;04:32:08.000;04:32:08.000;06:06;9.8
110;02:33:35;03:21:50;04:10:43;04:33:33.150;04:33:33.150;06:08;9.8
111;02:28:39;03:22:18;04:11:59;04:33:52.900;04:33:52.900;06:08;9.8
112;02:24:21;03:22:17;04:11:59;04:33:53.050;04:33:53.050;06:08;9.8
113;02:39:16;03:26:59;04:13:32;04:34:30.150;04:34:30.150;06:09;9.7
114;02:30:19;03:21:59;04:12:17;04:34:47.850;04:34:47.850;06:09;9.7
115;02:32:36;03:24:38;04:11:56;04:34:50.550;04:34:50.550;06:09;9.7
116;02:32:12;03:22:35;04:11:49;04:34:51.550;04:34:51.550;06:09;9.7
117;02:29:47;03:21:37;04:11:58;04:35:07.300;04:35:07.300;06:10;9.7
119;02:28:12;03:18:09;04:11:13;04:36:04.250;04:36:04.250;06:11;9.7
120;02:29:47;03:21:38;04:11:58;04:36:06.100;04:36:06.100;06:11;9.7
121;02:32:59;03:25:11;04:14:48;04:36:22.900;04:36:22.900;06:11;9.7
122;02:34:23;03:26:36;04:14:25;04:36:31.350;04:36:31.350;06:11;9.7
123;02:32:57;03:24:33;04:14:29;04:37:42.750;04:37:42.750;06:13;9.6
124;02:26:46;03:18:07;04:14:33;04:38:30.100;04:38:30.100;06:14;9.6
125;02:37:07;03:26:55;04:17:11;04:38:37.900;04:38:37.900;06:14;9.6
126;02:37:33;03:28:06;04:17:33;04:39:39.200;04:39:39.200;06:16;9.6
127;02:36:19;03:29:04;04:17:51;04:39:41.550;04:39:41.550;06:16;9.6
128;02:34:45;03:25:13;04:16:45;04:39:43.550;04:39:43.550;06:16;9.6
129;02:28:28;03:20:33;04:16:17;04:39:44.750;04:39:44.750;06:16;9.6
130;02:32:21;03:24:41;04:15:48;04:40:01.400;04:40:01.400;06:16;9.6
131;02:36:27;03:29:07;04:18:32;04:41:37.500;04:41:37.500;06:18;9.5
132;02:24:03;03:19:16;04:15:27;04:41:42.800;04:41:42.800;06:18;9.5
133;02:34:11;03:26:23;04:16:44;04:41:46.100;04:41:46.100;06:19;9.5
134;02:34:12;03:25:52;04:16:44;04:41:46.900;04:41:46.900;06:19;9.5
135;02:34:42;03:26:40;04:18:11;04:41:47.950;04:41:47.950;06:19;9.5
136;02:35:59;03:27:27;04:17:59;04:41:49.350;04:41:49.350;06:19;9.5
137;02:27:51;03:26:04;04:18:12;04:41:54.350;04:41:54.350;06:19;9.5
138;02:33:05;03:22:04;04:15:48;04:42:12.950;04:42:12.950;06:19;9.5
139;02:32:34;03:21:56;04:15:48;04:42:13.250;04:42:13.250;06:19;9.5
140;02:34:50;03:25:20;04:16:40;04:42:14.500;04:42:14.500;06:19;9.5
141;02:33:39;03:28:45;04:19:52;04:42:23.900;04:42:23.900;06:19;9.5
142;02:40:01;03:33:11;04:20:41;04:42:24.550;04:42:24.550;06:19;9.5
143;02:41:31;03:34:45;04:21:59;04:42:25.600;04:42:25.600;06:19;9.5
144;02:43:29;03:34:53;04:21:20;04:42:26.600;04:42:26.600;06:19;9.5
145;02:37:03;03:29:45;04:20:12;04:42:27.350;04:42:27.350;06:19;9.5
146;02:34:52;03:27:24;04:18:31;04:42:28.150;04:42:28.150;06:20;9.5
147;02:40:38;03:30:51;04:20:07;04:42:30.950;04:42:30.950;06:20;9.5
148;02:35:39;03:30:15;04:19:54;04:42:34.500;04:42:34.500;06:20;9.5
149;02:40:49;03:35:49;04:21:59;04:42:50.600;04:42:50.600;06:20;9.5
150;02:30:36;03:25:06;04:17:30;04:43:06.500;04:43:06.500;06:20;9.5
151;02:38:00;03:30:16;04:20:36;04:43:24.200;04:43:24.200;06:21;9.4
152;02:43:28;03:35:04;04:22:26;04:43:39.050;04:43:39.050;06:21;9.4
153;02:41:42;03:34:20;04:22:01;04:43:39.850;04:43:39.850;06:21;9.4
154;02:48:51;03:38:43;04:24:26;04:43:40.150;04:43:40.150;06:21;9.4
155;02:30:04;03:28:01;04:21:02;04:44:00.300;04:44:00.300;06:22;9.4
156;02:48:47;03:37:39;04:24:27;04:44:11.200;04:44:11.200;06:22;9.4
157;02:32:41;03:31:47;04:21:24;04:44:33.900;04:44:33.900;06:22;9.4
158;02:30:13;03:25:41;04:21:13;04:45:45.350;04:45:45.350;06:24;9.4
159;02:34:26;03:29:44;04:22:26;04:45:46.050;04:45:46.050;06:24;9.4
160;02:39:30;03:32:33;04:22:10;04:46:38.200;04:46:38.200;06:25;9.3
161;02:43:04;03:34:50;04:24:06;04:47:09.450;04:47:09.450;06:26;9.3
162;02:37:06;03:33:27;04:22:34;04:47:14.700;04:47:14.700;06:26;9.3
163;02:41:24;03:33:45;04:23:09;04:47:18.050;04:47:18.050;06:26;9.3
164;02:39:23;03:33:40;04:22:24;04:47:38.600;04:47:38.600;06:26;9.3
165;02:32:07;03:28:47;04:21:25;04:47:40.050;04:47:40.050;06:26;9.3
166;02:30:23;03:30:22;04:22:24;04:47:41.300;04:47:41.300;06:27;9.3
167;02:36:17;03:31:09;04:23:24;04:47:44.300;04:47:44.300;06:27;9.3
168;02:36:12;03:31:47;04:23:09;04:47:46.600;04:47:46.600;06:27;9.3
169;02:35:44;03:30:34;04:24:01;04:47:50.650;04:47:50.650;06:27;9.3
170;02:40:49;03:35:21;04:23:56;04:47:54.650;04:47:54.650;06:27;9.3
171;02:39:58;03:34:27;04:24:31;04:47:55.700;04:47:55.700;06:27;9.3
172;02:39:09;03:33:51;04:24:57;04:47:56.700;04:47:56.700;06:27;9.3
173;02:43:00;03:35:43;04:24:46;04:47:58.050;04:47:58.050;06:27;9.3
174;02:40:51;03:34:43;04:23:38;04:48:06.300;04:48:06.300;06:27;9.3
175;02:28:16;03:25:42;04:23:00;04:48:13.100;04:48:13.100;06:27;9.3
176;02:41:41;03:34:00;04:24:58;04:48:52.800;04:48:52.800;06:28;9.3
177;02:36:47;03:33:15;04:25:02;04:49:26.850;04:49:26.850;06:29;9.2
178;02:35:51;03:30:16;04:24:35;04:49:29.000;04:49:29.000;06:29;9.2
179;02:33:40;03:25:18;04:20:10;04:49:33.400;04:49:33.400;06:29;9.2
180;02:30:43;03:28:58;04:23:38;04:49:36.700;04:49:36.700;06:29;9.2
181;02:41:29;03:34:59;04:24:52;04:49:38.550;04:49:38.550;06:29;9.2
182;02:42:29;03:37:08;04:24:59;04:50:03.000;04:50:03.000;06:30;9.2
183;02:39:48;03:33:53;04:25:01;04:50:56.050;04:50:56.050;06:31;9.2
184;02:40:22;03:28:32;04:27:35;04:50:57.050;04:50:57.050;06:31;9.2
185;02:33:12;03:29:58;04:25:20;04:51:12.100;04:51:12.100;06:31;9.2
186;02:38:26;03:36:28;04:26:20;04:51:39.550;04:51:39.550;06:32;9.2
187;02:39:15;03:36:25;04:28:04;04:52:01.750;04:52:01.750;06:32;9.2
188;02:38:18;03:35:56;04:26:41;04:52:03.550;04:52:03.550;06:32;9.2
189;02:40:29;03:36:26;04:28:04;04:52:13.450;04:52:13.450;06:33;9.2
190;02:36:26;03:31:09;04:26:02;04:52:38.900;04:52:38.900;06:33;9.1
191;02:43:17;03:36:58;04:28:00;04:52:40.200;04:52:40.200;06:33;9.1
192;02:34:33;03:32:14;04:28:17;04:53:24.400;04:53:24.400;06:34;9.1
193;02:36:33;03:35:38;04:29:27;04:53:37.100;04:53:37.100;06:35;9.1
194;02:54:33;03:44:11;04:32:41;04:53:38.950;04:53:38.950;06:35;9.1
195;02:47:35;03:44:36;04:33:13;04:53:39.850;04:53:39.850;06:35;9.1
196;02:37:04;03:31:51;04:27:24;04:54:03.800;04:54:03.800;06:35;9.1
197;02:48:31;03:39:52;04:32:39;04:54:14.100;04:54:14.100;06:35;9.1
198;03:07:52;03:51:24;04:35:52;04:54:20.750;04:54:20.750;06:35;9.1
199;02:33:59;03:30:44;04:28:31;04:54:50.850;04:54:50.850;06:36;9.1
200;02:44:34;03:40:21;04:31:58;04:54:58.350;04:54:58.350;06:36;9.1
201;02:40:50;03:38:18;04:30:51;04:55:58.050;04:55:58.050;06:38;9
202;02:40:22;03:37:44;04:31:34;04:56:27.050;04:56:27.050;06:38;9
203;02:41:08;03:38:42;04:33:10;04:56:58.800;04:56:58.800;06:39;9
204;02:41:08;03:38:44;04:33:11;04:57:04.000;04:57:04.000;06:39;9
205;02:47:10;03:41:27;04:33:36;04:57:05.100;04:57:05.100;06:39;9
206;02:49:45;03:44:09;04:33:55;04:57:05.950;04:57:05.950;06:39;9
207;02:47:38;03:43:49;04:34:40;04:57:06.700;04:57:06.700;06:39;9
208;02:49:05;03:45:14;04:35:15;04:57:08.800;04:57:08.800;06:39;9
209;02:40:56;03:37:43;04:32:20;04:57:14.200;04:57:14.200;06:39;9
210;02:30:23;03:33:12;04:31:11;04:57:20.950;04:57:20.950;06:40;9
211;02:42:00;03:41:49;04:33:50;04:57:25.150;04:57:25.150;06:40;9
212;02:52:06;03:43:38;04:33:13;04:57:26.350;04:57:26.350;06:40;9
213;02:46:57;03:44:12;04:35:00;04:57:44.550;04:57:44.550;06:40;9
214;02:40:32;03:40:01;04:36:01;04:57:58.200;04:57:58.200;06:40;9
215;02:45:30;03:43:29;04:35:03;04:58:00.200;04:58:00.200;06:40;9
216;02:38:01;03:36:10;04:32:00;04:58:04.850;04:58:04.850;06:40;9
217;02:40:22;03:39:29;04:35:25;04:58:06.250;04:58:06.250;06:41;9
218;02:38:12;03:38:44;04:33:07;04:58:10.350;04:58:10.350;06:41;9
219;02:45:31;03:43:29;04:35:03;04:58:18.750;04:58:18.750;06:41;9
220;02:45:45;03:40:59;04:35:12;04:58:20.700;04:58:20.700;06:41;9
221;02:44:16;03:40:57;04:34:38;04:59:40.350;04:59:40.350;06:43;8.9
222;02:54:59;03:49:37;04:38:52;04:59:41.500;04:59:41.500;06:43;8.9
223;02:47:11;03:41:24;04:34:23;04:59:59.700;04:59:59.700;06:43;8.9
224;02:43:50;03:39:27;04:34:43;05:00:01.150;05:00:01.150;06:43;8.9
225;02:53:18;03:46:42;04:37:33;05:00:43.400;05:00:43.400;06:44;8.9
226;02:47:38;03:44:08;04:36:15;05:00:49.100;05:00:49.100;06:44;8.9
227;02:47:42;03:44:47;04:36:14;05:00:56.800;05:00:56.800;06:44;8.9
228;02:47:42;03:44:49;04:36:14;05:00:57.700;05:00:57.700;06:44;8.9
229;02:50:32;03:45:08;04:38:45;05:01:03.350;05:01:03.350;06:45;8.9
230;02:46:35;03:42:11;04:36:01;05:01:04.500;05:01:04.500;06:45;8.9
231;02:45:23;03:45:49;04:37:20;05:01:17.350;05:01:17.350;06:45;8.9
232;02:50:53;03:46:57;04:38:10;05:01:20.750;05:01:20.750;06:45;8.9
233;02:47:58;03:43:32;04:37:16;05:01:29.450;05:01:29.450;06:45;8.9
234;02:49:42;03:43:37;04:37:16;05:01:30.700;05:01:30.700;06:45;8.9
235;02:43:49;03:40:31;04:34:43;05:01:53.950;05:01:53.950;06:46;8.9
236;02:44:04;03:43:43;04:36:05;05:01:54.350;05:01:54.350;06:46;8.9
237;02:54:57;03:48:49;04:39:24;05:01:55.000;05:01:55.000;06:46;8.9
238;02:54:59;03:49:38;04:38:53;05:01:56.300;05:01:56.300;06:46;8.9
239;02:48:46;03:45:55;04:37:15;05:02:01.650;05:02:01.650;06:46;8.9
240;02:49:33;03:44:42;04:37:07;05:02:13.450;05:02:13.450;06:46;8.9
241;02:47:39;03:43:41;04:37:01;05:02:14.550;05:02:14.550;06:46;8.9
242;02:48:45;03:45:16;04:38:29;05:02:15.500;05:02:15.500;06:46;8.9
243;02:43:32;03:44:17;04:38:02;05:02:19.950;05:02:19.950;06:46;8.9
244;02:44:44;03:40:11;04:33:57;05:02:33.300;05:02:33.300;06:47;8.8
245;02:43:46;03:43:30;04:39:18;05:02:36.350;05:02:36.350;06:47;8.8
246;03:08:25;03:57:41;04:44:00;05:02:48.900;05:02:48.900;06:47;8.8
247;02:46:32;03:49:14;04:39:25;05:02:56.650;05:02:56.650;06:47;8.8
248;02:51:36;03:48:47;04:40:32;05:03:01.000;05:03:01.000;06:47;8.8
249;02:55:17;03:54:05;04:42:08;05:03:15.750;05:03:15.750;06:47;8.8
250;02:51:59;03:47:06;04:38:35;05:03:23.000;05:03:23.000;06:48;8.8
251;02:52:17;03:48:08;04:39:42;05:03:32.800;05:03:32.800;06:48;8.8
252;02:45:53;03:42:57;04:36:51;05:03:35.250;05:03:35.250;06:48;8.8
253;02:49:32;03:54:21;04:41:22;05:03:55.450;05:03:55.450;06:48;8.8
254;02:50:12;03:52:56;04:41:41;05:04:03.300;05:04:03.300;06:49;8.8
255;02:36:48;03:36:42;04:37:42;05:04:26.450;05:04:26.450;06:49;8.8
256;02:43:03;03:44:38;04:39:26;05:04:40.000;05:04:40.000;06:49;8.8
257;02:37:19;03:41:29;04:42:13;05:04:55.050;05:04:55.050;06:50;8.8
258;02:49:43;03:44:56;04:40:31;05:05:06.350;05:05:06.350;06:50;8.8
259;02:48:33;03:46:14;04:39:40;05:05:35.450;05:05:35.450;06:51;8.8
260;02:48:48;03:46:32;04:40:08;05:05:38.700;05:05:38.700;06:51;8.8
261;02:44:37;03:46:17;04:40:05;05:05:49.550;05:05:49.550;06:51;8.8
262;02:53:32;03:55:32;04:44:55;05:05:50.150;05:05:50.150;06:51;8.7
263;02:58:46;03:56:43;04:44:25;05:05:51.900;05:05:51.900;06:51;8.7
264;02:58:46;03:56:43;04:44:25;05:05:52.650;05:05:52.650;06:51;8.7
265;02:53:32;03:55:33;04:44:56;05:05:53.350;05:05:53.350;06:51;8.7
266;02:47:28;03:46:04;04:40:34;05:06:25.250;05:06:25.250;06:52;8.7
267;02:49:45;03:44:59;04:40:31;05:06:47.150;05:06:47.150;06:52;8.7
268;02:39:15;03:39:27;04:41:10;05:06:54.050;05:06:54.050;06:52;8.7
269;02:47:13;03:50:50;04:43:10;05:06:58.200;05:06:58.200;06:52;8.7
270;02:46:13;03:47:01;04:43:05;05:07:35.350;05:07:35.350;06:53;8.7
271;02:49:07;03:50:19;04:41:41;05:07:37.050;05:07:37.050;06:53;8.7
272;02:49:07;03:50:18;04:41:41;05:07:37.650;05:07:37.650;06:53;8.7
273;02:48:46;03:47:21;04:42:20;05:07:40.450;05:07:40.450;06:53;8.7
274;02:55:04;03:49:59;04:44:01;05:07:42.800;05:07:42.800;06:53;8.7
275;02:58:07;03:53:45;04:44:21;05:08:05.850;05:08:05.850;06:54;8.7
276;02:54:58;03:54:44;04:45:28;05:09:28.600;05:09:28.600;06:56;8.6
277;02:41:13;03:42:27;04:42:00;05:09:45.050;05:09:45.050;06:56;8.6
278;02:41:14;03:42:27;04:42:00;05:09:45.350;05:09:45.350;06:56;8.6
279;02:43:27;03:50:21;04:43:35;05:10:10.250;05:10:10.250;06:57;8.6
280;02:45:29;03:50:21;04:43:34;05:10:13.150;05:10:13.150;06:57;8.6
281;02:41:04;03:46:49;04:41:43;05:10:15.350;05:10:15.350;06:57;8.6
282;02:45:50;03:44:45;04:42:17;05:10:56.800;05:10:56.800;06:58;8.6
283;02:46:40;03:49:21;04:43:14;05:11:02.550;05:11:02.550;06:58;8.6
284;02:50:32;03:52:17;04:45:07;05:11:04.050;05:11:04.050;06:58;8.6
285;02:48:41;03:48:51;04:42:50;05:11:05.350;05:11:05.350;06:58;8.6
286;02:50:49;03:48:45;04:44:06;05:11:10.700;05:11:10.700;06:58;8.6
287;02:54:28;03:53:28;04:45:37;05:11:15.600;05:11:15.600;06:58;8.6
288;02:45:34;03:47:00;04:43:13;05:11:19.500;05:11:19.500;06:58;8.6
289;02:50:41;03:46:59;04:43:13;05:11:31.550;05:11:31.550;06:59;8.6
290;02:35:08;03:42:11;04:40:36;05:11:47.600;05:11:47.600;06:59;8.6
291;02:35:17;03:37:06;04:40:36;05:11:47.700;05:11:47.700;06:59;8.6
292;02:49:37;03:48:59;04:44:09;05:11:49.500;05:11:49.500;06:59;8.6
293;02:42:35;03:45:28;04:42:54;05:11:58.350;05:11:58.350;06:59;8.6
294;02:42:36;03:45:27;04:43:01;05:11:58.750;05:11:58.750;06:59;8.6
295;02:37:35;03:34:50;04:40:52;05:12:05.300;05:12:05.300;06:59;8.6
296;02:42:52;03:38:53;04:41:36;05:12:10.800;05:12:10.800;06:59;8.6
297;02:51:54;03:50:43;04:45:33;05:12:13.000;05:12:13.000;07:00;8.6
298;02:47:37;03:50:16;04:45:14;05:12:13.600;05:12:13.600;07:00;8.6
299;02:53:39;03:51:57;04:45:34;05:12:14.250;05:12:14.250;07:00;8.6
300;02:52:57;03:50:23;04:46:16;05:12:15.600;05:12:15.600;07:00;8.6
301;02:46:17;03:44:44;04:43:20;05:12:19.550;05:12:19.550;07:00;8.6
302;02:56:28;03:52:28;04:46:23;05:12:20.200;05:12:20.200;07:00;8.6
303;02:49:28;03:52:15;04:46:28;05:12:21.350;05:12:21.350;07:00;8.6
304;02:49:27;03:52:16;04:46:28;05:12:23.600;05:12:23.600;07:00;8.6
305;02:55:06;03:54:18;04:46:35;05:12:24.700;05:12:24.700;07:00;8.6
306;02:50:21;03:50:20;04:46:38;05:12:27.850;05:12:27.850;07:00;8.6
307;02:53:03;03:52:24;04:46:24;05:12:52.150;05:12:52.150;07:00;8.6
308;02:53:29;03:52:48;04:48:29;05:13:03.200;05:13:03.200;07:01;8.5
309;02:52:43;03:50:48;04:46:48;05:13:52.050;05:13:52.050;07:02;8.5
310;02:47:23;03:50:10;04:46:55;05:14:00.350;05:14:00.350;07:02;8.5
311;03:01:13;03:58:46;04:50:16;05:14:07.450;05:14:07.450;07:02;8.5
312;02:48:59;03:49:09;04:46:02;05:14:25.300;05:14:25.300;07:02;8.5
313;02:52:48;03:50:44;04:47:36;05:14:29.050;05:14:29.050;07:03;8.5
314;02:48:52;03:57:23;04:49:28;05:14:29.750;05:14:29.750;07:03;8.5
315;02:56:26;03:53:38;04:48:55;05:15:27.300;05:15:27.300;07:04;8.5
316;02:51:39;03:51:08;04:47:51;05:15:45.450;05:15:45.450;07:04;8.5
317;02:49:11;03:50:46;04:47:41;05:15:50.800;05:15:50.800;07:04;8.5
318;02:49:12;03:50:47;04:47:41;05:15:53.650;05:15:53.650;07:04;8.5
319;02:55:17;03:54:04;04:48:48;05:15:58.150;05:15:58.150;07:05;8.5
320;03:01:14;04:00:38;04:52:02;05:16:30.900;05:16:30.900;07:05;8.5
321;03:00:21;03:59:41;04:49:22;05:16:37.950;05:16:37.950;07:05;8.5
322;03:01:14;04:00:36;04:52:58;05:16:45.450;05:16:45.450;07:06;8.4
323;02:54:00;03:57:22;04:50:45;05:16:46.600;05:16:46.600;07:06;8.4
324;03:01:08;03:55:11;04:48:17;05:17:31.450;05:17:31.450;07:07;8.4
325;03:01:07;03:59:08;04:48:16;05:17:32.250;05:17:32.250;07:07;8.4
326;02:50:34;03:54:24;04:51:15;05:17:33.250;05:17:33.250;07:07;8.4
327;03:01:59;04:04:52;04:55:09;05:17:44.950;05:17:44.950;07:07;8.4
328;02:55:59;04:01:19;04:53:33;05:18:03.350;05:18:03.350;07:07;8.4
329;02:54:40;03:57:28;04:51:08;05:18:30.450;05:18:30.450;07:08;8.4
330;02:54:43;03:58:57;04:53:36;05:18:56.000;05:18:56.000;07:09;8.4
331;02:55:13;03:55:42;04:51:09;05:19:26.350;05:19:26.350;07:09;8.4
332;02:56:38;04:01:29;04:54:12;05:19:27.550;05:19:27.550;07:09;8.4
333;02:44:56;03:49:08;04:48:05;05:19:55.300;05:19:55.300;07:10;8.4
334;02:39:47;03:52:55;04:49:16;05:19:56.000;05:19:56.000;07:10;8.4
335;02:45:45;03:52:20;04:52:27;05:20:02.750;05:20:02.750;07:10;8.4
336;02:48:20;03:55:36;04:53:37;05:21:17.050;05:21:17.050;07:12;8.3
337;02:52:32;03:55:58;04:54:32;05:22:22.750;05:22:22.750;07:13;8.3
338;03:01:56;04:00:42;04:54:57;05:22:43.450;05:22:43.450;07:14;8.3
339;03:01:57;04:01:17;04:54:57;05:22:44.700;05:22:44.700;07:14;8.3
340;02:56:08;04:03:09;04:56:58;05:22:45.450;05:22:45.450;07:14;8.3
341;02:56:09;04:03:08;04:56:58;05:22:46.100;05:22:46.100;07:14;8.3
342;02:49:24;04:01:24;04:56:35;05:22:46.850;05:22:46.850;07:14;8.3
343;02:43:30;03:46:59;04:50:54;05:23:55.900;05:23:55.900;07:15;8.3
344;02:53:42;03:54:36;04:53:46;05:23:56.700;05:23:56.700;07:15;8.3
345;02:51:18;03:54:26;04:54:06;05:23:57.600;05:23:57.600;07:15;8.3
346;03:00:27;04:02:18;04:57:04;05:23:58.550;05:23:58.550;07:15;8.3
347;03:02:25;04:03:59;04:58:17;05:23:59.450;05:23:59.450;07:15;8.3
348;03:01:21;04:03:47;04:59:59;05:24:23.050;05:24:23.050;07:16;8.2
349;03:01:18;04:00:54;04:56:26;05:24:40.950;05:24:40.950;07:16;8.2
350;03:00:27;04:02:47;04:56:59;05:24:44.050;05:24:44.050;07:16;8.2
351;03:04:08;04:08:24;05:01:33;05:24:57.050;05:24:57.050;07:17;8.2
352;03:10:26;04:06:48;05:00:06;05:25:20.650;05:25:20.650;07:17;8.2
353;03:04:07;04:08:37;05:01:35;05:26:11.700;05:26:11.700;07:18;8.2
354;03:00:26;04:07:09;05:00:46;05:26:37.350;05:26:37.350;07:19;8.2
355;03:06:14;04:08:03;05:00:19;05:26:38.350;05:26:38.350;07:19;8.2
356;02:50:20;03:58:57;04:59:09;05:27:10.100;05:27:10.100;07:20;8.2
357;02:57:53;03:56:00;04:57:53;05:27:26.600;05:27:26.600;07:20;8.2
358;03:02:06;04:05:04;04:59:44;05:27:39.500;05:27:39.500;07:20;8.2
359;03:01:24;04:05:06;04:59:48;05:27:52.050;05:27:52.050;07:21;8.2
360;03:09:20;04:10:37;05:03:26;05:28:14.950;05:28:14.950;07:21;8.2
361;03:05:36;04:06:30;05:01:40;05:29:08.000;05:29:08.000;07:22;8.1
362;03:05:38;04:06:30;05:01:40;05:29:20.150;05:29:20.150;07:23;8.1
363;03:00:13;04:04:11;05:02:24;05:29:40.200;05:29:40.200;07:23;8.1
364;03:00:26;04:07:06;05:02:23;05:29:48.050;05:29:48.050;07:23;8.1
365;02:58:14;04:02:16;05:00:47;05:29:49.550;05:29:49.550;07:23;8.1
366;02:53:41;03:59:04;05:00:43;05:30:17.150;05:30:17.150;07:24;8.1
367;03:00:14;04:06:25;05:01:33;05:30:26.250;05:30:26.250;07:24;8.1
368;03:04:25;04:07:58;05:03:22;05:30:27.400;05:30:27.400;07:24;8.1
369;02:55:34;04:07:20;05:05:27;05:30:29.550;05:30:29.550;07:24;8.1
370;03:01:36;04:07:20;05:03:19;05:30:39.850;05:30:39.850;07:24;8.1
371;02:53:26;03:56:37;04:48:21;05:31:00.650;05:31:00.650;07:25;8.1
372;02:58:01;03:59:17;05:01:17;05:31:01.800;05:31:01.800;07:25;8.1
373;03:11:28;04:16:49;05:07:10;05:31:04.850;05:31:04.850;07:25;8.1
374;02:53:20;04:03:52;05:02:55;05:31:24.750;05:31:24.750;07:25;8.1
375;03:13:08;04:12:25;05:06:30;05:31:42.900;05:31:42.900;07:26;8.1
376;03:12:07;04:12:09;05:06:22;05:31:51.850;05:31:51.850;07:26;8.1
377;03:00:07;04:05:24;05:02:06;05:32:09.950;05:32:09.950;07:26;8.1
378;02:46:36;03:48:31;04:57:32;05:32:11.650;05:32:11.650;07:26;8.1
379;03:02:15;04:08:25;05:04:19;05:32:13.350;05:32:13.350;07:26;8.1
380;02:54:27;04:04:51;05:02:40;05:32:24.700;05:32:24.700;07:27;8.1
381;02:58:39;04:08:46;05:05:19;05:32:32.750;05:32:32.750;07:27;8
382;03:11:28;04:16:50;05:08:03;05:32:52.650;05:32:52.650;07:27;8
383;03:05:51;04:10:53;05:06:50;05:33:00.150;05:33:00.150;07:27;8
384;03:05:52;04:10:56;05:06:50;05:33:01.100;05:33:01.100;07:28;8
385;03:06:58;04:10:45;05:05:41;05:33:08.550;05:33:08.550;07:28;8
386;02:59:18;04:04:28;05:04:18;05:33:09.650;05:33:09.650;07:28;8
387;03:13:12;04:13:00;05:08:55;05:33:11.100;05:33:11.100;07:28;8
388;03:16:03;04:18:20;05:09:43;05:33:32.300;05:33:32.300;07:28;8
389;03:13:11;04:12:26;05:07:07;05:33:42.350;05:33:42.350;07:28;8
390;02:51:37;04:04:57;05:05:51;05:34:24.250;05:34:24.250;07:29;8
391;03:12:06;04:10:14;05:07:02;05:34:27.750;05:34:27.750;07:29;8
392;03:00:42;04:05:04;05:06:36;05:34:31.700;05:34:31.700;07:30;8
393;03:12:09;04:10:12;05:07:02;05:34:33.400;05:34:33.400;07:30;8
394;03:09:51;04:17:09;05:08:59;05:34:52.600;05:34:52.600;07:30;8
395;03:09:48;04:17:09;05:08:59;05:34:54.350;05:34:54.350;07:30;8
397;03:08:03;04:10:30;05:07:23;05:35:32.000;05:35:32.000;07:31;8
398;03:19:58;04:18:48;05:10:16;05:36:33.450;05:36:33.450;07:32;8
399;03:07:22;04:09:21;05:06:55;05:37:10.600;05:37:10.600;07:33;7.9
400;03:07:22;04:09:21;05:06:55;05:37:12.050;05:37:12.050;07:33;7.9
401;03:17:38;04:18:36;05:12:22;05:37:13.400;05:37:13.400;07:33;7.9
402;03:11:23;04:12:24;05:10:26;05:37:14.150;05:37:14.150;07:33;7.9
403;03:04:06;04:07:22;05:06:08;05:37:15.250;05:37:15.250;07:33;7.9
404;03:09:06;04:11:50;05:09:22;05:37:16.500;05:37:16.500;07:33;7.9
405;02:44:06;04:07:40;05:06:31;05:37:18.900;05:37:18.900;07:33;7.9
406;03:08:00;04:09:25;05:08:34;05:37:37.200;05:37:37.200;07:34;7.9
407;03:00:47;04:10:25;05:06:04;05:37:38.500;05:37:38.500;07:34;7.9
408;03:05:39;04:06:15;05:05:37;05:37:39.350;05:37:39.350;07:34;7.9
409;03:02:47;04:09:29;05:07:32;05:37:48.900;05:37:48.900;07:34;7.9
410;03:11:51;04:11:58;05:09:52;05:38:29.800;05:38:29.800;07:35;7.9
411;03:08:04;04:10:37;05:08:46;05:38:47.350;05:38:47.350;07:35;7.9
412;03:07:24;04:10:20;05:08:22;05:38:48.350;05:38:48.350;07:35;7.9
413;03:05:16;04:10:27;05:09:36;05:38:49.350;05:38:49.350;07:35;7.9
414;03:05:17;04:10:27;05:09:35;05:38:50.550;05:38:50.550;07:35;7.9
415;02:50:49;04:03:15;05:06:49;05:38:52.100;05:38:52.100;07:35;7.9
416;03:05:33;04:08:34;05:07:21;05:38:55.450;05:38:55.450;07:35;7.9
417;03:10:18;04:12:52;05:10:52;05:39:00.700;05:39:00.700;07:36;7.9
418;03:11:11;04:17:08;05:12:35;05:39:10.100;05:39:10.100;07:36;7.9
419;03:06:06;04:12:33;05:10:23;05:39:41.950;05:39:41.950;07:36;7.9
420;03:06:57;04:10:53;05:10:55;05:39:45.200;05:39:45.200;07:37;7.9
421;03:12:04;04:18:47;05:12:59;05:40:24.950;05:40:24.950;07:37;7.9
422;03:12:04;04:18:46;05:12:59;05:40:27.050;05:40:27.050;07:38;7.9
423;03:09:53;04:18:51;05:15:17;05:40:32.150;05:40:32.150;07:38;7.9
424;03:00:21;04:18:05;05:14:26;05:40:41.400;05:40:41.400;07:38;7.9
425;02:57:56;04:04:16;05:08:16;05:40:50.200;05:40:50.200;07:38;7.9
426;03:09:54;04:17:41;05:13:56;05:41:13.950;05:41:13.950;07:39;7.8
427;03:09:55;04:17:45;05:13:58;05:41:53.250;05:41:53.250;07:39;7.8
428;03:09:55;04:17:43;05:13:57;05:42:01.850;05:42:01.850;07:40;7.8
429;03:06:57;04:16:02;05:12:52;05:42:37.600;05:42:37.600;07:40;7.8
430;03:08:33;04:15:16;05:12:58;05:42:44.950;05:42:44.950;07:41;7.8
431;03:05:30;04:12:50;05:14:07;05:43:18.850;05:43:18.850;07:41;7.8
432;03:01:06;04:05:05;05:10:14;05:43:40.700;05:43:40.700;07:42;7.8
433;03:06:13;04:16:56;05:14:09;05:43:45.500;05:43:45.500;07:42;7.8
434;03:10:03;04:14:52;05:13:03;05:44:05.550;05:44:05.550;07:42;7.8
435;03:09:10;04:19:42;05:15:18;05:44:26.300;05:44:26.300;07:43;7.8
437;03:11:30;04:18:20;05:16:19;05:44:27.700;05:44:27.700;07:43;7.8
438;03:20:31;04:22:49;05:17:52;05:44:29.500;05:44:29.500;07:43;7.8
439;03:14:37;04:17:40;05:13:11;05:44:53.100;05:44:53.100;07:43;7.8
440;03:08:52;04:20:25;05:15:24;05:44:54.000;05:44:54.000;07:43;7.8
441;03:08:53;04:20:26;05:15:24;05:44:57.150;05:44:57.150;07:44;7.8
442;03:17:22;04:18:17;05:16:47;05:44:59.150;05:44:59.150;07:44;7.8
443;03:17:23;04:18:16;05:16:47;05:45:00.950;05:45:00.950;07:44;7.8
444;03:09:41;04:15:08;05:16:15;05:45:07.650;05:45:07.650;07:44;7.8
445;03:09:53;04:20:31;05:16:54;05:45:19.850;05:45:19.850;07:44;7.7
446;03:08:59;04:18:21;05:17:34;05:46:02.200;05:46:02.200;07:45;7.7
447;03:06:36;04:17:35;05:17:40;05:46:25.050;05:46:25.050;07:46;7.7
448;03:13:46;04:20:01;05:17:30;05:46:46.150;05:46:46.150;07:46;7.7
449;02:58:52;04:28:02;05:21:10;05:46:48.150;05:46:48.150;07:46;7.7
450;03:02:11;04:13:56;05:16:26;05:47:32.300;05:47:32.300;07:47;7.7
451;03:13:12;04:21:56;05:19:27;05:48:31.100;05:48:31.100;07:48;7.7
452;03:09:25;04:19:58;05:18:23;05:48:34.250;05:48:34.250;07:48;7.7
453;03:13:04;04:19:42;05:18:47;05:49:27.400;05:49:27.400;07:50;7.7
454;03:13:45;04:19:42;05:18:46;05:50:19.350;05:50:19.350;07:51;7.6
455;03:30:27;04:29:18;05:23:37;05:50:23.550;05:50:23.550;07:51;7.6
456;03:30:29;04:29:18;05:23:36;05:50:24.750;05:50:24.750;07:51;7.6
457;03:13:25;04:25:18;05:23:10;05:51:15.500;05:51:15.500;07:52;7.6
458;03:17:09;04:26:27;05:22:24;05:51:34.300;05:51:34.300;07:52;7.6
459;03:17:09;04:26:27;05:22:23;05:51:35.150;05:51:35.150;07:52;7.6
460;03:14:32;04:27:00;05:23:41;05:51:37.550;05:51:37.550;07:53;7.6
461;03:21:43;04:30:48;05:26:19;05:51:39.250;05:51:39.250;07:53;7.6
462;03:15:58;04:28:13;05:24:47;05:51:40.900;05:51:40.900;07:53;7.6
463;03:11:52;04:26:52;05:23:11;05:52:29.300;05:52:29.300;07:54;7.6
464;03:10:30;04:27:41;05:24:02;05:52:35.650;05:52:35.650;07:54;7.6
465;03:21:42;04:30:45;05:26:22;05:52:54.950;05:52:54.950;07:54;7.6
466;03:18:18;04:27:30;05:26:25;05:54:07.350;05:54:07.350;07:56;7.6
467;03:18:18;04:27:30;05:26:25;05:54:08.150;05:54:08.150;07:56;7.6
468;03:15:55;04:28:22;05:26:13;05:54:24.800;05:54:24.800;07:56;7.6
469;03:15:56;04:28:21;05:26:13;05:54:25.700;05:54:25.700;07:56;7.6
470;03:13:56;04:22:43;05:23:09;05:55:10.650;05:55:10.650;07:57;7.5
471;03:12:47;04:22:43;05:23:09;05:55:13.650;05:55:13.650;07:57;7.5
472;03:20:40;04:35:11;05:28:47;05:55:16.600;05:55:16.600;07:57;7.5
473;03:20:40;04:35:10;05:28:51;05:55:18.150;05:55:18.150;07:57;7.5
474;03:10:44;04:23:54;05:25:58;05:55:20.050;05:55:20.050;07:58;7.5
475;03:22:28;04:29:03;05:26:12;05:55:27.000;05:55:27.000;07:58;7.5
476;03:12:21;04:25:04;05:25:38;05:56:36.950;05:56:36.950;07:59;7.5
477;03:11:24;04:22:34;05:24:35;05:56:52.850;05:56:52.850;08:00;7.5
478;03:17:51;04:28:18;05:26:27;05:56:58.450;05:56:58.450;08:00;7.5
479;03:17:49;04:28:15;05:26:28;05:56:58.450;05:56:58.450;08:00;7.5
480;03:27:44;04:35:08;05:30:51;05:57:04.300;05:57:04.300;08:00;7.5
481;03:18:55;04:26:26;05:26:29;05:57:34.850;05:57:34.850;08:01;7.5
482;03:11:44;04:26:51;05:28:08;05:58:03.750;05:58:03.750;08:01;7.5
483;03:15:43;04:26:02;05:28:07;05:58:04.450;05:58:04.450;08:01;7.5
484;03:20:22;04:26:52;05:26:29;05:58:05.450;05:58:05.450;08:01;7.5
485;03:17:12;04:32:58;05:29:21;05:58:06.950;05:58:06.950;08:01;7.5
486;03:23:22;04:29:06;05:29:34;05:58:08.000;05:58:08.000;08:01;7.5
487;03:23:20;04:30:35;05:30:10;05:58:09.750;05:58:09.750;08:01;7.5
488;03:23:20;04:30:33;05:30:10;05:58:11.400;05:58:11.400;08:01;7.5
489;03:18:23;04:33:03;05:29:21;05:58:13.200;05:58:13.200;08:01;7.5
490;03:19:21;04:29:25;05:28:51;05:58:24.150;05:58:24.150;08:02;7.5
491;03:17:42;04:32:56;05:30:27;05:58:25.450;05:58:25.450;08:02;7.5
492;03:19:50;04:29:45;05:29:50;05:58:40.300;05:58:40.300;08:02;7.5
493;03:19:49;04:29:44;05:29:50;05:58:43.100;05:58:43.100;08:02;7.5
494;03:09:07;04:24:24;05:28:50;05:58:44.350;05:58:44.350;08:02;7.5
495;03:27:34;04:36:38;05:32:15;05:59:04.300;05:59:04.300;08:03;7.5
496;03:23:49;04:27:19;05:29:08;05:59:25.950;05:59:25.950;08:03;7.4
497;03:23:41;04:27:21;05:29:04;05:59:27.050;05:59:27.050;08:03;7.4
498;03:15:19;04:22:22;05:26:32;05:59:36.400;05:59:36.400;08:03;7.4
499;03:27:34;04:36:37;05:33:06;05:59:38.400;05:59:38.400;08:03;7.4
500;03:15:19;04:22:20;05:26:32;05:59:40.150;05:59:40.150;08:03;7.4
501;03:17:13;04:22:58;05:30:44;05:59:40.950;05:59:40.950;08:03;7.4
502;03:18:31;04:30:37;05:32:04;05:59:50.100;05:59:50.100;08:04;7.4
503;03:14:02;04:27:33;05:30:38;06:00:09.700;06:00:09.700;08:04;7.4
504;03:14:02;04:27:32;05:30:36;06:00:10.650;06:00:10.650;08:04;7.4
505;03:18:26;04:27:50;05:30:57;06:00:27.200;06:00:27.200;08:04;7.4
506;03:13:18;04:28:25;05:31:32;06:00:34.150;06:00:34.150;08:05;7.4
507;03:13:19;04:28:25;05:31:31;06:00:34.450;06:00:34.450;08:05;7.4
508;03:30:57;04:37:12;05:34:29;06:00:37.650;06:00:37.650;08:05;7.4
509;03:23:45;04:32:00;05:34:04;06:00:45.900;06:00:45.900;08:05;7.4
510;03:23:44;04:31:58;05:34:04;06:01:00.450;06:01:00.450;08:05;7.4
511;03:06:26;04:22:51;05:28:44;06:02:25.400;06:02:25.400;08:07;7.4
512;03:06:27;04:22:51;05:28:44;06:02:25.800;06:02:25.800;08:07;7.4
513;03:04:31;04:20:05;05:33:28;06:02:26.950;06:02:26.950;08:07;7.4
514;03:10:27;04:29:07;05:33:49;06:02:31.050;06:02:31.050;08:07;7.4
515;03:24:29;04:32:09;05:35:43;06:02:31.900;06:02:31.900;08:07;7.4
516;03:24:28;04:32:06;05:35:43;06:02:34.500;06:02:34.500;08:07;7.4
517;03:18:11;04:27:54;05:30:06;06:02:37.100;06:02:37.100;08:07;7.4
518;03:16:38;04:30:09;05:31:05;06:03:37.150;06:03:37.150;08:09;7.4
519;03:16:37;04:30:09;05:31:05;06:03:37.350;06:03:37.350;08:09;7.4
520;03:13:09;04:34:52;05:31:51;06:03:39.500;06:03:39.500;08:09;7.4
521;03:24:03;04:39:11;05:36:07;06:03:40.850;06:03:40.850;08:09;7.4
522;03:13:09;04:26:11;05:32:01;06:03:58.950;06:03:58.950;08:09;7.4
523;03:19:59;04:34:24;05:33:05;06:04:00.550;06:04:00.550;08:09;7.4
524;03:23:35;04:32:17;05:33:55;06:04:01.650;06:04:01.650;08:09;7.4
525;03:13:57;04:26:25;05:31:25;06:04:02.900;06:04:02.900;08:09;7.4
526;03:28:57;04:32:43;05:30:58;06:04:13.350;06:04:13.350;08:09;7.3
527;03:25:00;04:41:34;05:37:17;06:04:13.750;06:04:13.750;08:09;7.3
528;03:14:57;04:36:05;05:36:31;06:04:56.150;06:04:56.150;08:10;7.3
529;03:30:20;04:34:58;05:35:30;06:05:18.000;06:05:18.000;08:11;7.3
530;03:26:56;04:35:35;05:35:53;06:05:43.450;06:05:43.450;08:11;7.3
531;03:24:09;04:35:36;05:35:53;06:05:44.650;06:05:44.650;08:12;7.3
532;03:35:26;04:39:20;05:35:53;06:05:45.900;06:05:45.900;08:12;7.3
533;03:27:40;04:40:37;05:37:31;06:05:47.300;06:05:47.300;08:12;7.3
534;03:20:37;04:35:51;05:36:39;06:05:48.800;06:05:48.800;08:12;7.3
535;03:29:47;04:47:20;05:39:31;06:05:49.900;06:05:49.900;08:12;7.3
536;03:29:29;04:35:15;05:36:51;06:05:58.600;06:05:58.600;08:12;7.3
537;03:28:27;04:35:54;05:35:38;06:06:03.300;06:06:03.300;08:12;7.3
538;03:23:37;04:31:07;05:35:23;06:06:32.250;06:06:32.250;08:13;7.3
539;03:01:57;04:28:09;05:30:43;06:06:57.800;06:06:57.800;08:13;7.3
540;03:23:14;04:36:27;05:37:19;06:07:15.800;06:07:15.800;08:14;7.3
541;03:23:17;04:36:27;05:37:19;06:07:16.100;06:07:16.100;08:14;7.3
542;03:23:18;04:36:27;05:37:20;06:07:16.250;06:07:16.250;08:14;7.3
543;03:03:21;04:17:58;05:33:28;06:07:47.000;06:07:47.000;08:14;7.3
544;03:25:02;04:37:05;05:39:21;06:07:47.950;06:07:47.950;08:14;7.3
545;03:30:28;04:38:54;05:39:09;06:09:23.550;06:09:23.550;08:16;7.2
546;03:24:16;04:37:45;05:36:07;06:09:29.700;06:09:29.700;08:17;7.2
547;03:24:16;04:39:12;05:36:07;06:09:31.000;06:09:31.000;08:17;7.2
548;03:21:56;04:29:17;05:31:47;06:10:00.550;06:10:00.550;08:17;7.2
549;03:23:39;04:37:48;05:38:53;06:10:00.950;06:10:00.950;08:17;7.2
550;03:22:53;04:35:53;05:40:27;06:10:15.850;06:10:15.850;08:18;7.2
551;03:22:53;04:39:00;05:40:27;06:10:17.850;06:10:17.850;08:18;7.2
552;03:24:30;04:35:13;05:40:20;06:11:11.150;06:11:11.150;08:19;7.2
553;03:18:39;04:37:24;05:40:24;06:11:22.400;06:11:22.400;08:19;7.2
554;03:18:39;04:37:23;05:40:24;06:11:22.550;06:11:22.550;08:19;7.2
555;03:22:35;04:41:53;05:41:06;06:11:37.500;06:11:37.500;08:19;7.2
556;03:26:19;04:41:48;05:42:02;06:11:56.450;06:11:56.450;08:20;7.2
557;03:16:02;04:34:28;05:41:06;06:12:33.100;06:12:33.100;08:21;7.2
558;03:36:32;04:45:34;05:44:54;06:12:36.000;06:12:36.000;08:21;7.2
559;03:30:55;04:41:56;05:41:54;06:13:34.350;06:13:34.350;08:22;7.2
560;03:26:27;04:35:59;05:41:49;06:13:59.050;06:13:59.050;08:23;7.2
561;03:18:28;04:34:56;05:40:26;06:14:00.100;06:14:00.100;08:23;7.2
562;03:22:41;04:31:49;05:41:20;06:14:08.850;06:14:08.850;08:23;7.2
563;03:15:52;04:34:26;05:39:26;06:14:11.350;06:14:11.350;08:23;7.2
564;03:30:24;04:45:43;05:46:05;06:15:12.750;06:15:12.750;08:24;7.1
565;03:30:23;04:40:33;05:42:36;06:15:46.050;06:15:46.050;08:25;7.1
566;03:30:23;04:40:35;05:42:37;06:15:46.050;06:15:46.050;08:25;7.1
567;03:24:08;04:35:51;05:42:18;06:15:48.300;06:15:48.300;08:25;7.1
568;03:29:58;04:42:24;05:45:23;06:16:01.200;06:16:01.200;08:25;7.1
569;03:33:00;04:58:58;05:51:24;06:16:11.100;06:16:11.100;08:26;7.1
570;03:22:28;04:35:35;05:41:33;06:16:30.900;06:16:30.900;08:26;7.1
571;03:22:29;04:35:35;05:41:32;06:16:39.750;06:16:39.750;08:26;7.1
572;03:23:55;04:50:02;05:48:09;06:16:41.300;06:16:41.300;08:26;7.1
573;03:27:45;04:40:30;05:44:59;06:17:21.350;06:17:21.350;08:27;7.1
574;03:29:58;04:44:12;05:45:29;06:17:27.950;06:17:27.950;08:27;7.1
575;03:29:58;04:44:13;05:45:30;06:17:29.300;06:17:29.300;08:27;7.1
576;03:36:38;04:49:29;05:49:19;06:19:07.300;06:19:07.300;08:30;7.1
577;03:23:33;04:38:40;05:45:21;06:19:43.100;06:19:43.100;08:30;7
578;03:32:11;04:43:46;05:46:21;06:19:54.700;06:19:54.700;08:31;7
579;03:32:11;04:43:45;05:46:21;06:19:56.250;06:19:56.250;08:31;7
580;03:28:55;04:39:02;05:45:54;06:20:49.450;06:20:49.450;08:32;7
581;03:34:17;04:43:49;05:49:09;06:20:53.400;06:20:53.400;08:32;7
582;03:30:59;04:52:24;05:50:42;06:21:21.150;06:21:21.150;08:33;7
583;03:31:03;04:52:24;05:50:44;06:21:26.250;06:21:26.250;08:33;7
584;03:32:27;04:47:22;05:51:28;06:21:47.050;06:21:47.050;08:33;7
585;03:39:24;04:52:02;05:52:36;06:22:37.650;06:22:37.650;08:34;7
586;03:35:38;04:47:06;05:49:28;06:22:43.150;06:22:43.150;08:34;7
587;03:25:44;04:44:04;05:49:01;06:22:59.800;06:22:59.800;08:35;7
588;03:39:07;04:55:14;05:54:40;06:23:34.050;06:23:34.050;08:36;7
589;03:39:07;04:55:15;05:54:15;06:23:40.800;06:23:40.800;08:36;7
590;03:34:19;04:47:21;05:53:34;06:24:04.650;06:24:04.650;08:36;7
591;03:43:25;04:51:55;05:53:48;06:24:27.450;06:24:27.450;08:37;7
592;03:23:55;04:50:02;05:53:09;06:25:04.450;06:25:04.450;08:38;6.9
593;03:35:39;04:50:50;05:54:33;06:25:41.150;06:25:41.150;08:38;6.9
594;03:31:51;04:52:01;05:55:14;06:25:51.950;06:25:51.950;08:39;6.9
595;03:28:19;04:49:28;05:53:40;06:27:07.700;06:27:07.700;08:40;6.9
596;03:35:26;04:52:46;05:54:56;06:27:42.750;06:27:42.750;08:41;6.9
597;03:34:56;04:59:57;05:59:46;06:28:29.250;06:28:29.250;08:42;6.9
598;03:33:35;04:55:17;05:59:30;06:28:46.350;06:28:46.350;08:43;6.9
599;03:34:30;04:52:01;05:56:31;06:29:08.650;06:29:08.650;08:43;6.9
600;03:34:31;04:52:02;05:58:02;06:29:10.500;06:29:10.500;08:43;6.9
601;03:30:41;04:55:28;05:57:39;06:30:15.150;06:30:15.150;08:45;6.9
602;03:30:41;04:55:28;05:57:39;06:30:16.900;06:30:16.900;08:45;6.9
603;03:20:53;04:43:26;05:53:22;06:31:02.750;06:31:02.750;08:46;6.8
604;03:33:59;04:59:03;06:01:31;06:31:14.250;06:31:14.250;08:46;6.8
605;03:33:59;04:59:03;06:01:31;06:31:15.100;06:31:15.100;08:46;6.8
606;03:28:52;04:53:47;05:57:26;06:31:26.000;06:31:26.000;08:46;6.8
607;03:34:10;05:01:29;06:01:24;06:31:48.800;06:31:48.800;08:47;6.8
608;03:34:10;05:01:27;06:01:23;06:31:49.900;06:31:49.900;08:47;6.8
609;03:33:04;05:01:14;06:01:57;06:32:10.550;06:32:10.550;08:47;6.8
610;03:39:12;05:06:18;06:04:04;06:36:29.850;06:36:29.850;08:53;6.7
611;03:25:09;04:53:12;06:00:43;06:36:30.950;06:36:30.950;08:53;6.7
612;03:32:05;04:53:10;06:00:44;06:36:33.850;06:36:33.850;08:53;6.7
613;03:43:26;05:06:17;06:04:11;06:36:35.500;06:36:35.500;08:53;6.7
614;03:38:33;04:58:58;06:01:32;06:36:56.000;06:36:56.000;08:53;6.7
615;03:38:11;04:54:49;06:00:00;06:37:11.450;06:37:11.450;08:54;6.7
616;03:24:49;04:47:31;06:00:09;06:37:13.500;06:37:13.500;08:54;6.7
617;03:38:28;04:59:18;06:03:53;06:37:15.050;06:37:15.050;08:54;6.7
618;03:41:23;04:55:14;05:57:26;06:37:16.000;06:37:16.000;08:54;6.7
619;03:32:12;04:59:01;06:03:22;06:37:17.350;06:37:17.350;08:54;6.7
620;03:38:42;05:01:42;06:05:50;06:37:18.050;06:37:18.050;08:54;6.7
621;03:32:13;04:59:15;06:03:22;06:37:19.500;06:37:19.500;08:54;6.7
622;03:32:13;04:59:14;06:03:22;06:37:20.350;06:37:20.350;08:54;6.7
623;03:45:39;04:57:28;06:01:57;06:37:21.250;06:37:21.250;08:54;6.7
624;03:41:13;04:58:48;06:01:29;06:37:36.700;06:37:36.700;08:54;6.7
625;03:10:13;04:42:03;05:56:29;06:37:41.300;06:37:41.300;08:55;6.7
626;03:43:25;05:06:15;06:07:30;06:38:35.750;06:38:35.750;08:56;6.7
627;03:29:53;04:47:20;05:59:23;06:38:41.900;06:38:41.900;08:56;6.7
628;03:43:19;05:05:51;06:06:36;06:38:43.100;06:38:43.100;08:56;6.7
629;03:43:19;05:05:48;06:06:36;06:38:44.000;06:38:44.000;08:56;6.7
630;03:31:44;05:05:33;06:07:28;06:38:54.750;06:38:54.750;08:56;6.7
631;03:31:44;05:05:33;06:07:28;06:38:55.300;06:38:55.300;08:56;6.7
632;03:36:48;04:54:07;06:02:47;06:38:56.450;06:38:56.450;08:56;6.7
633;03:30:35;04:49:37;05:54:11;06:38:58.350;06:38:58.350;08:56;6.7
634;03:30:35;04:49:43;05:54:10;06:38:59.650;06:38:59.650;08:56;6.7
635;03:30:35;04:49:35;05:54:12;06:39:00.600;06:39:00.600;08:56;6.7
636;03:31:07;04:59:01;06:06:14;06:39:05.850;06:39:05.850;08:56;6.7
637;03:29:05;04:52:33;06:02:47;06:39:07.150;06:39:07.150;08:56;6.7
638;03:37:46;05:12:19;06:09:51;06:39:08.350;06:39:08.350;08:56;6.7
639;03:37:47;05:12:21;06:09:51;06:39:10.600;06:39:10.600;08:56;6.7
640;03:37:46;05:12:19;06:09:51;06:39:11.500;06:39:11.500;08:57;6.7
641;03:41:32;05:05:13;06:07:51;06:39:12.300;06:39:12.300;08:57;6.7
642;03:41:32;05:05:14;06:07:52;06:39:16.150;06:39:16.150;08:57;6.7
643;03:41:32;05:05:14;06:07:51;06:39:17.050;06:39:17.050;08:57;6.7
644;03:54:57;05:04:30;06:06:10;06:39:19.000;06:39:19.000;08:57;6.7
645;03:55:00;05:04:29;06:06:10;06:39:20.100;06:39:20.100;08:57;6.7
646;03:30:09;05:00:25;06:06:33;06:39:39.650;06:39:39.650;08:57;6.7
647;03:32:31;05:00:26;06:06:33;06:39:40.700;06:39:40.700;08:57;6.7
648;03:47:04;04:56:28;06:05:47;06:39:43.950;06:39:43.950;08:57;6.7
649;03:44:47;05:00:03;06:05:38;06:40:03.750;06:40:03.750;08:58;6.7
650;03:52:45;05:04:52;06:09:46;06:41:37.000;06:41:37.000;09:00;6.7
651;03:34:56;04:59:58;06:07:31;06:41:57.450;06:41:57.450;09:00;6.7
652;03:37:34;04:53:22;06:05:03;06:42:13.300;06:42:13.300;09:01;6.7
653;03:28:54;04:47:01;06:04:58;06:43:23.200;06:43:23.200;09:02;6.6
654;03:52:45;05:04:54;06:09:45;06:43:45.350;06:43:45.350;09:03;6.6
655;03:45:13;05:10:57;06:15:30;06:47:11.150;06:47:11.150;09:07;6.6
656;03:45:16;05:10:57;06:15:30;06:47:11.400;06:47:11.400;09:07;6.6
657;03:39:35;05:05:16;06:13:30;06:47:51.850;06:47:51.850;09:08;6.6
658;03:39:35;05:05:26;06:13:30;06:47:51.850;06:47:51.850;09:08;6.6
659;03:36:18;05:05:19;06:12:27;06:48:18.700;06:48:18.700;09:09;6.6
660;03:40:52;05:05:25;06:11:51;06:48:36.000;06:48:36.000;09:09;6.5
661;03:37:43;05:06:35;06:15:32;06:49:21.050;06:49:21.050;09:10;6.5
662;03:30:11;04:59:47;06:14:21;06:49:25.100;06:49:25.100;09:10;6.5
663;03:30:11;04:59:48;06:14:23;06:49:26.150;06:49:26.150;09:10;6.5
664;03:40:51;05:07:11;06:16:15;06:49:34.800;06:49:34.800;09:10;6.5
665;03:41:12;05:07:11;06:16:16;06:49:44.800;06:49:44.800;09:11;6.5
666;03:29:52;05:16:53;06:17:39;06:50:28.800;06:50:28.800;09:12;6.5
667;03:49:20;05:04:50;06:15:50;06:51:11.350;06:51:11.350;09:13;6.5
668;03:48:25;05:06:36;06:17:00;06:52:13.950;06:52:13.950;09:14;6.5
669;03:48:26;05:06:37;06:17:01;06:52:32.150;06:52:32.150;09:14;6.5
670;03:44:31;05:09:01;06:17:20;06:52:58.150;06:52:58.150;09:15;6.5
671;03:44:31;05:09:01;06:17:20;06:53:21.500;06:53:21.500;09:16;6.5
672;03:32:13;04:59:16;06:13:52;06:54:21.250;06:54:21.250;09:17;6.5
673;03:41:48;05:11:29;06:20:28;06:56:32.000;06:56:32.000;09:20;6.4
674;03:46:23;05:08:46;06:20:26;06:59:02.700;06:59:02.700;09:23;6.4
675;03:56:18;05:18:22;06:25:48;07:02:32.250;07:02:32.250;09:28;6.3
676;03:54:57;05:16:50;06:29:55;07:04:06.500;07:04:06.500;09:30;6.3
677;03:54:22;05:18:22;06:26:26;07:04:36.200;07:04:36.200;09:31;6.3
678;03:52:51;05:13:54;06:26:06;07:04:46.550;07:04:46.550;09:31;6.3
679;03:35:26;05:08:57;06:24:59;07:04:47.600;07:04:47.600;09:31;6.3
680;03:54:58;05:16:45;06:29:55;07:06:48.850;07:06:48.850;09:34;6.3
681;03:46:30;05:35:13;06:41:41;07:14:02.450;07:14:02.450;09:43;6.2
682;04:00:06;05:27:17;06:40:06;07:15:44.250;07:15:44.250;09:46;6.1
683;04:01:40;05:34:14;06:43:45;07:19:09.400;07:19:09.400;09:50;6.1
684;03:34:24;05:11:04;06:37:14;07:22:55.300;07:22:55.300;09:55;6
685;04:02:42;05:37:14;06:50:14;07:26:55.450;07:26:55.450;10:01;6
686;04:04:01;05:35:16;06:52:15;07:30:33.200;07:30:33.200;10:06;5.9
687;04:04:05;05:33:46;06:52:17;07:30:33.200;07:30:33.200;10:06;5.9
688;03:47:07;05:25:23;06:50:39;07:36:46.650;07:36:46.650;10:14;5.9
689;04:08:43;05:42:33;07:04:03;07:45:35.050;07:45:35.050;10:26;5.7
690;03:56:17;05:49:11;07:04:34;07:48:44.200;07:48:44.200;10:30;5.7
691;03:56:18;05:49:19;07:10:05;07:48:44.550;07:48:44.550;10:30;5.7
